Speed (km/h),Throttle (%),Brake Pressure (kPa),RPM,Fuel Level (%),Gear,Engine Temp (°C),Coolant Temp (°C),Battery Voltage (V),Oil Pressure (PSI),Fuel Consumption (L/100km)
104.08,79.6,0.0,3714,43.7,3,100.9,75.6,12.8,30.5,11.98
120.13,85.6,24.4,4123,95.6,4,96.1,86.3,12.7,29.9,10.28
180.42,88.8,0.0,4038,75.9,5,89.3,96.2,12.0,56.3,12.38
161.22,96.2,0.0,5265,63.9,5,104.4,92.0,12.5,30.0,13.22
152.18,71.2,67.4,3517,24.0,4,100.5,94.2,12.6,30.9,13.99
73.14,44.7,54.3,3251,24.0,2,84.9,89.8,12.6,50.4,9.59
160.23,98.1,0.0,5618,15.2,5,107.3,90.8,12.9,38.0,14.42
104.54,54.4,0.0,3116,88.0,3,104.7,95.5,12.8,51.1,9.63
93.95,55.5,0.0,4421,64.1,3,108.5,77.5,12.9,22.6,8.29
164.04,96.1,0.0,4225,73.7,5,101.8,84.7,13.1,39.5,14.21
148.28,62.0,34.2,4090,11.9,4,98.4,76.6,13.2,21.3,10.16
112.14,96.5,0.0,4359,97.3,3,92.5,99.6,13.1,22.5,9.29
193.69,86.5,12.0,4429,84.9,5,108.0,98.3,13.4,56.3,12.08
4.92,54.4,0.0,1674,29.1,1,106.0,71.2,12.0,25.6,7.26
145.48,81.1,0.0,3969,26.4,4,81.4,91.2,12.3,41.3,10.52
125.72,91.0,39.8,4068,26.5,4,80.8,97.8,12.0,36.4,9.67
68.87,43.6,0.0,2154,37.4,2,91.3,75.4,13.0,33.9,7.66
161.87,78.3,0.0,4125,57.2,5,104.3,87.0,13.3,56.0,14.2
13.61,57.0,65.9,2240,48.9,1,109.6,97.5,12.4,20.9,5.89
33.71,25.7,0.0,2337,36.2,1,84.5,71.0,13.4,46.6,6.8
15.09,56.8,0.0,1174,65.1,1,97.8,90.9,12.1,58.5,5.63
175.51,89.0,0.0,4008,22.6,5,91.4,78.9,13.4,42.4,10.83
195.02,75.5,17.8,5352,36.3,5,109.1,97.7,12.5,57.5,14.72
4.21,49.1,0.0,1072,43.0,1,105.3,99.1,12.2,22.1,6.58
154.63,79.0,48.1,5041,51.0,4,105.1,98.3,12.7,36.8,9.01
7.44,37.6,0.0,2079,80.7,1,94.1,84.2,12.4,30.4,6.61
109.22,82.4,0.0,4131,28.0,3,92.4,95.9,12.4,49.2,8.14
5.46,42.6,0.0,1473,56.3,1,88.2,95.3,12.5,59.3,7.43
187.29,84.0,0.0,4170,63.3,5,81.7,79.6,13.2,30.3,10.22
162.32,73.3,0.0,4535,14.2,5,105.9,94.9,12.8,46.2,14.18
175.16,80.1,17.5,4827,64.7,5,104.4,71.1,12.5,27.9,12.46
36.24,23.3,0.0,2316,25.3,1,110.0,87.9,12.9,42.6,5.62
67.1,45.6,0.0,3159,15.9,2,109.9,76.9,13.1,38.6,8.82
74.29,58.8,33.0,2551,95.4,2,96.7,73.6,12.4,58.9,7.64
173.67,92.2,48.5,5141,96.9,5,103.1,72.3,12.6,44.3,12.84
185.86,99.2,0.0,4047,82.8,5,108.3,90.9,12.2,34.0,14.49
24.25,24.6,19.1,2349,37.4,1,105.5,80.2,12.3,24.6,7.63
169.86,84.5,0.0,4947,18.8,5,87.4,91.7,13.0,26.0,10.29
79.61,42.0,0.0,2976,71.6,2,93.5,72.0,12.3,29.0,9.26
151.08,68.2,0.0,4739,49.6,4,83.9,79.5,12.8,30.0,13.48
31.25,38.9,58.7,1953,21.0,1,108.6,86.2,13.1,54.0,6.66
145.71,92.4,0.0,4174,54.6,4,98.2,93.7,12.2,42.4,12.62
35.61,45.4,18.8,1011,13.1,1,86.9,79.6,12.9,40.9,7.39
81.78,70.8,0.0,4141,91.8,3,100.2,88.8,12.4,24.6,9.42
67.18,33.8,58.4,2689,33.3,2,98.5,96.6,13.4,54.4,8.91
178.34,86.8,0.0,4962,69.6,5,90.7,88.5,12.7,48.9,14.49
153.75,99.2,0.0,5207,38.1,4,83.4,77.0,13.2,22.7,10.21
7.88,57.6,0.0,2067,56.8,1,100.1,70.7,12.8,48.3,8.44
8.76,32.9,0.0,1264,59.2,1,95.6,96.1,12.1,41.7,6.14
79.25,39.5,0.0,3361,26.6,2,103.2,70.6,12.9,23.3,10.3
95.81,97.6,0.0,3589,97.3,3,95.6,96.2,13.4,38.3,11.42
129.89,85.6,0.0,3825,79.8,4,105.6,85.9,12.9,39.4,11.83
179.96,70.4,31.4,5852,94.6,5,96.6,98.2,13.2,26.6,11.14
81.84,90.4,40.9,4212,90.5,3,96.8,94.0,13.3,57.8,9.02
81.17,74.0,0.0,3177,63.8,3,106.3,99.9,12.3,54.0,9.16
118.19,74.7,0.0,3722,93.0,3,92.1,80.5,12.3,46.8,10.54
150.17,96.7,0.0,4654,18.0,4,84.0,93.0,12.9,38.5,10.79
79.7,49.3,0.0,2623,27.6,2,80.9,82.1,12.6,36.5,9.97
7.66,55.9,40.4,1331,14.1,1,102.7,84.4,13.3,46.0,5.62
78.25,37.4,0.0,2337,39.3,2,98.6,88.8,13.4,41.8,8.51
102.53,71.4,0.0,4259,45.0,3,101.1,96.2,12.5,22.5,8.58
75.7,51.0,0.0,2714,34.4,2,86.4,99.5,12.4,40.5,8.74
128.18,70.2,45.6,3565,84.6,4,84.1,93.0,13.2,52.3,12.18
82.76,97.0,0.0,3614,42.1,3,80.4,82.5,12.4,38.4,11.24
189.07,93.2,0.0,5649,35.3,5,90.5,82.6,13.2,22.1,12.58
21.56,24.1,0.0,1056,58.8,1,97.7,92.1,12.6,51.5,5.88
0.0,30.8,0.0,1081,22.7,1,91.8,77.2,13.0,28.1,8.42
172.16,76.9,53.8,5933,82.2,5,93.1,73.3,12.1,30.3,11.12
149.68,93.9,0.0,4105,16.7,4,107.1,80.6,12.9,26.6,10.63
10.11,23.6,30.2,2499,98.8,1,90.4,78.6,12.7,33.2,6.72
181.7,74.5,0.0,4828,79.5,5,95.4,78.9,12.9,50.3,13.77
90.76,75.9,47.7,3722,27.9,3,103.5,77.0,12.3,40.8,9.45
145.29,65.2,0.0,5061,10.5,4,91.9,71.3,13.1,28.2,12.54
94.77,96.6,0.0,4045,83.4,3,98.7,70.5,13.3,55.1,10.86
112.14,56.1,61.0,3516,73.6,3,105.9,99.6,12.3,55.2,8.12
7.81,27.3,0.0,2467,75.6,1,108.5,82.8,12.1,54.8,8.07
29.08,38.1,0.0,1744,79.4,1,84.4,81.5,12.0,29.6,6.64
151.45,89.4,0.0,3550,16.7,4,107.8,90.4,13.0,38.0,13.19
64.64,72.2,43.5,2751,42.3,2,94.8,76.5,12.9,59.4,9.47
38.68,12.6,0.0,2077,20.4,1,87.7,98.5,12.8,50.9,8.09
198.46,91.4,0.0,4453,87.7,5,93.8,93.6,12.3,21.1,14.4
6.29,25.5,62.3,2009,66.1,1,109.4,72.7,12.6,22.6,7.89
114.03,99.1,0.0,3371,39.8,3,94.8,82.5,12.9,38.6,8.65
21.95,24.4,0.0,1529,15.7,1,89.9,96.4,12.7,56.4,7.36
17.22,53.9,0.0,1370,38.0,1,99.0,98.3,13.5,41.5,6.57
57.31,64.3,0.0,2084,39.3,2,87.2,84.0,12.2,39.9,8.31
159.28,91.4,0.0,3732,75.7,4,82.3,88.4,13.0,24.2,12.9
164.05,78.3,35.9,5960,67.4,5,83.9,75.0,12.6,46.3,10.34
199.08,73.1,0.0,5957,89.8,5,83.8,99.7,12.6,52.9,12.78
68.18,51.1,0.0,2596,52.5,2,84.6,77.0,13.1,35.2,7.92
60.67,67.0,0.0,2824,20.8,2,84.2,98.3,13.0,51.0,9.41
64.15,33.8,67.1,2445,74.2,2,99.2,89.5,13.5,58.6,7.32
138.32,63.7,0.0,4783,78.5,4,85.5,88.2,12.2,28.2,12.52
107.04,85.3,0.0,3469,60.5,3,90.4,85.4,12.2,40.9,9.08
120.08,67.0,36.9,4724,79.4,4,106.9,76.9,13.1,31.5,10.07
115.32,60.1,0.0,4051,54.4,3,94.2,75.3,12.9,51.7,10.72
145.1,75.4,0.0,4583,57.0,4,100.0,76.6,12.4,43.1,13.7
55.96,72.0,50.3,3465,48.5,2,85.2,75.6,12.1,45.4,7.36
69.71,46.4,0.0,2126,12.3,2,85.8,93.4,12.1,51.9,9.83
137.38,88.9,45.4,4726,19.7,4,81.2,80.5,13.3,35.8,12.19
68.03,40.2,0.0,3227,12.8,2,85.1,71.7,12.3,56.6,7.18
120.55,69.9,26.2,3995,67.3,4,88.4,99.1,12.5,41.3,9.31
176.99,76.5,0.0,5189,38.3,5,85.3,96.5,12.3,26.3,11.86
75.4,49.2,0.0,2424,55.8,2,82.7,97.8,12.5,47.8,9.75
104.67,87.1,0.0,3782,91.7,3,83.6,99.8,12.1,51.7,8.27
57.1,40.3,0.0,2500,32.4,2,93.8,75.2,12.8,32.7,10.03
35.81,43.3,0.0,1681,46.9,1,86.2,81.9,12.1,54.3,7.39
105.52,91.7,0.0,3802,78.0,3,90.9,92.7,13.2,56.2,8.58
136.78,80.0,0.0,4697,30.6,4,95.1,90.9,12.4,31.1,10.01
178.78,70.8,26.9,5425,16.9,5,100.7,74.6,12.8,59.3,10.06
10.41,18.0,14.2,1278,36.1,1,81.2,94.5,13.3,25.6,7.49
112.57,84.3,27.4,3464,24.5,3,104.0,76.7,13.0,28.1,9.0
61.42,47.8,0.0,3242,93.7,2,98.8,76.7,12.8,27.4,9.76
173.07,80.6,0.0,5882,82.7,5,82.5,86.1,12.5,55.8,14.38
196.14,72.3,0.0,4697,67.0,5,106.2,87.8,12.5,46.2,12.61
187.08,95.1,0.0,5496,88.4,5,107.6,87.4,13.0,26.1,12.2
6.41,43.7,51.6,1344,82.3,1,81.8,72.7,13.5,37.6,5.85
29.63,53.1,0.0,2184,26.8,1,88.3,96.3,13.0,44.6,6.39
13.81,30.7,0.0,2322,90.3,1,104.2,78.0,12.8,23.3,5.86
143.29,64.7,28.7,3833,58.5,4,102.4,73.9,13.1,55.3,10.22
93.43,87.5,0.0,4479,82.7,3,85.5,96.7,12.7,52.1,9.66
17.16,37.0,0.0,2053,90.6,1,86.3,98.7,12.1,40.2,6.02
53.1,57.3,0.0,2033,38.6,2,91.1,95.9,12.8,58.7,10.31
19.83,56.7,0.0,2470,19.9,1,94.5,94.3,13.4,36.7,7.04
175.67,96.9,40.5,4838,30.5,5,98.5,89.7,12.3,59.4,10.09
34.29,43.7,0.0,2328,48.4,1,91.1,86.5,13.0,46.7,6.17
50.13,30.5,0.0,2803,83.6,2,93.9,72.6,12.3,45.4,9.93
34.97,20.2,27.1,1797,87.5,1,102.4,82.3,12.8,26.6,7.03
114.2,94.1,0.0,3113,10.6,3,81.1,81.2,12.1,55.3,9.55
76.07,40.2,62.6,2584,56.0,2,87.6,77.8,12.7,37.1,8.9
153.92,81.8,0.0,4400,47.6,4,101.4,91.7,13.1,26.5,11.57
159.89,82.4,0.0,3940,30.0,4,106.9,84.9,12.5,20.5,10.75
108.27,68.7,0.0,3067,20.8,3,95.4,72.4,13.0,42.4,9.4
95.17,91.6,0.0,3559,40.4,3,96.0,76.6,13.2,41.1,10.53
70.91,57.4,56.0,2875,94.9,2,83.2,90.5,13.4,48.8,9.74
174.01,90.3,0.0,4029,39.1,5,93.4,72.3,12.4,55.6,11.04
149.69,66.8,63.4,4999,56.7,4,96.0,95.5,12.6,23.2,13.54
97.33,88.7,0.0,3812,73.3,3,87.3,84.9,12.2,49.3,11.03
138.96,88.7,22.1,4127,42.7,4,88.1,84.4,13.5,27.5,10.21
114.46,93.4,0.0,4118,97.5,3,91.3,87.8,13.4,54.3,10.23
67.85,49.1,0.0,2989,96.6,2,80.6,94.7,12.8,52.8,9.79
10.56,57.0,0.0,1486,32.7,1,89.7,80.4,13.3,41.6,6.31
138.52,71.1,0.0,5147,54.8,4,86.3,90.3,12.8,48.4,9.32
192.6,93.3,0.0,4375,37.1,5,89.8,87.0,12.9,32.6,10.44
189.91,74.5,37.8,4528,35.6,5,83.6,78.0,12.1,38.8,12.08
112.97,81.5,0.0,4175,13.3,3,106.7,96.4,13.1,52.9,9.72
100.57,86.8,0.0,4000,64.9,3,97.8,93.9,12.2,38.4,8.38
112.51,85.3,0.0,4239,55.2,3,100.4,89.8,13.2,34.3,11.61
189.93,94.2,0.0,5995,14.6,5,103.7,95.5,13.2,39.8,11.21
172.72,98.8,0.0,5698,35.1,5,95.0,96.0,13.1,53.1,12.03
146.17,69.3,55.9,4747,91.7,4,82.6,91.3,12.1,33.4,12.81
80.21,96.9,0.0,3603,31.6,3,96.1,95.1,12.5,27.0,9.56
159.63,90.3,0.0,4914,23.0,4,97.6,90.9,12.4,48.5,10.95
142.78,94.7,0.0,4242,54.1,4,102.4,90.4,12.5,53.0,12.09
98.77,72.2,0.0,4291,98.7,3,92.9,88.6,12.1,24.0,9.84
20.16,57.5,0.0,1543,31.8,1,83.8,92.6,13.4,29.6,8.09
86.69,75.0,0.0,4045,70.5,3,88.5,74.8,12.8,25.7,10.59
62.19,67.4,0.0,2620,78.5,2,90.9,96.4,12.5,33.9,7.71
66.71,71.9,11.1,3168,31.4,2,99.4,96.2,12.6,38.0,9.13
98.14,72.7,0.0,4365,75.5,3,97.1,70.9,12.7,50.0,10.56
56.08,37.7,0.0,2415,43.1,2,90.7,94.8,12.9,46.0,10.22
69.62,34.7,0.0,3053,66.9,2,109.6,73.9,12.8,44.8,7.23
43.38,60.3,0.0,3324,67.0,2,98.2,80.1,13.4,34.1,9.31
199.05,90.5,0.0,5600,58.2,5,87.1,92.3,12.7,53.7,14.42
39.89,11.5,0.0,1933,18.1,1,83.1,74.8,13.5,38.9,8.42
162.5,80.1,68.5,5633,85.2,5,84.6,94.5,13.3,59.2,14.26
163.4,81.6,22.6,4458,38.9,5,87.4,95.0,12.3,45.4,12.35
42.99,51.9,0.0,3477,26.8,2,84.8,85.2,13.4,25.1,7.58
131.13,91.9,0.0,4098,13.7,4,85.6,70.2,12.2,47.0,10.16
153.06,74.6,0.0,4104,63.2,4,88.6,78.6,13.2,33.0,13.88
72.36,37.3,0.0,3296,71.0,2,85.2,88.5,12.6,47.5,7.54
73.17,65.3,0.0,2233,11.5,2,106.9,99.4,13.3,22.8,8.67
60.22,37.2,0.0,2410,56.1,2,82.4,89.0,13.3,27.0,8.71
17.67,59.2,0.0,2072,30.4,1,95.7,77.8,13.2,54.2,6.35
58.34,66.3,0.0,3000,68.1,2,92.3,89.0,13.2,29.1,9.72
52.56,56.9,0.0,3484,25.7,2,109.5,86.2,12.5,53.5,10.11
120.63,80.9,0.0,4812,72.2,4,83.4,93.4,12.1,31.2,11.8
106.32,55.9,0.0,3184,44.8,3,91.9,73.2,12.6,45.7,10.79
110.5,56.3,67.1,3263,94.3,3,109.1,92.8,12.3,47.8,10.27
20.52,53.5,0.0,2455,22.4,1,106.0,86.2,13.0,40.5,8.3
186.47,74.2,0.0,4370,40.7,5,104.5,98.9,12.5,32.2,11.39
139.63,76.3,0.0,4707,20.2,4,87.7,80.3,13.5,28.5,11.88
31.43,22.6,0.0,2340,93.2,1,85.1,89.0,13.0,21.3,6.51
113.8,89.8,50.4,3330,89.0,3,100.1,98.0,13.2,32.2,8.87
60.88,59.4,0.0,2935,33.2,2,107.9,73.1,12.2,46.1,9.1
25.09,47.5,37.5,1526,69.4,1,96.7,98.1,13.3,57.5,5.78
49.48,77.4,0.0,2914,83.5,2,97.1,90.6,13.4,54.8,10.24
103.6,50.3,0.0,4053,60.0,3,88.4,72.0,12.7,50.6,10.46
60.52,65.2,0.0,2563,57.7,2,103.1,79.0,12.9,51.5,9.48
46.83,31.5,30.4,2765,31.8,2,85.6,91.2,13.1,46.6,9.15
18.73,48.7,47.6,1417,18.4,1,89.7,72.0,12.3,30.4,8.06
33.57,18.0,36.9,1356,90.7,1,92.8,87.5,12.8,56.3,5.65
30.94,55.7,65.3,2043,91.0,1,95.2,80.4,12.6,46.8,7.33
55.68,67.5,56.4,2355,67.0,2,87.3,88.6,12.2,42.4,9.37
193.4,97.8,0.0,4636,40.5,5,83.4,71.4,12.6,24.4,13.75
100.99,88.8,30.7,3045,41.4,3,98.3,96.1,12.1,37.9,11.85
105.48,79.9,0.0,3288,75.3,3,88.7,99.2,12.0,38.4,9.18
195.39,92.2,26.9,5926,90.7,5,97.4,99.1,12.2,54.6,10.05
28.25,41.1,0.0,1467,89.8,1,84.6,92.5,13.4,41.9,6.52
113.98,54.4,0.0,3811,80.2,3,94.4,73.9,12.8,35.2,11.94
77.15,33.1,19.8,2892,67.8,2,96.0,92.7,13.4,59.1,7.53
177.87,85.0,38.3,5323,17.6,5,81.6,70.7,12.6,24.4,13.76
47.09,44.7,66.5,3176,24.5,2,90.1,70.7,12.5,36.9,8.62
26.54,30.6,0.0,2326,90.9,1,84.0,79.7,12.8,21.7,8.19
132.56,87.6,21.4,3869,64.6,4,81.9,84.7,12.7,49.6,10.71
34.53,51.1,39.1,1175,10.8,1,109.7,93.1,12.2,56.7,7.55
52.0,59.8,0.0,2246,19.1,2,89.7,90.5,13.0,31.2,7.41
174.21,71.4,10.9,5162,69.7,5,104.3,83.4,12.3,54.3,10.53
102.66,82.9,0.0,3599,10.5,3,87.6,78.2,12.9,31.7,9.31
3.31,22.7,0.0,1148,24.5,1,100.4,99.9,13.0,56.4,5.73
164.75,99.4,14.0,5189,59.4,5,102.8,82.8,12.2,50.2,13.69
144.68,94.5,62.4,5078,72.3,4,97.9,83.5,12.1,52.2,12.74
169.85,82.7,0.0,4063,68.7,5,94.1,74.9,13.2,20.7,13.91
42.01,32.6,0.0,2686,30.2,2,92.4,93.8,12.7,58.5,7.79
10.11,38.9,0.0,2235,74.1,1,90.5,90.8,12.1,49.1,7.96
94.03,68.1,0.0,3492,31.4,3,107.9,76.6,13.5,32.2,8.84
33.38,27.9,0.0,1848,39.3,1,104.9,72.5,12.1,53.2,6.05
183.06,92.9,0.0,4551,77.2,5,109.0,90.4,13.0,31.3,11.02
124.75,97.3,0.0,4563,68.5,4,83.7,89.6,13.5,54.9,9.16
172.47,77.5,0.0,5238,86.4,5,101.9,78.2,12.4,24.5,11.66
28.59,13.4,0.0,1174,69.2,1,108.2,98.5,12.2,48.1,7.34
81.76,84.7,0.0,3347,61.1,3,85.4,74.5,12.2,41.6,10.73
73.35,70.7,0.0,2560,18.4,2,82.0,83.0,12.5,23.9,7.89
17.76,47.5,0.0,1806,43.1,1,102.2,98.3,12.2,29.7,6.33
142.25,61.2,0.0,3812,33.9,4,97.2,82.6,13.0,20.5,10.1
188.4,72.9,0.0,5937,32.0,5,105.3,89.2,12.1,38.8,11.31
193.46,71.5,0.0,4759,97.6,5,84.2,81.9,12.8,32.1,11.58
83.65,65.7,56.9,3597,45.4,3,103.9,78.2,13.5,43.9,9.78
186.32,70.2,0.0,4474,90.3,5,86.0,99.5,13.2,31.9,10.54
196.6,77.5,0.0,4968,66.8,5,84.9,82.3,12.9,32.0,12.57
196.06,76.5,0.0,5118,81.5,5,84.9,96.8,12.5,49.7,14.14
119.13,98.3,0.0,4092,55.2,3,104.4,76.9,12.9,21.9,9.38
117.87,70.0,0.0,3398,61.9,3,100.0,76.4,12.8,56.1,11.96
119.9,59.6,0.0,3646,54.3,3,95.7,70.9,12.6,54.1,9.22
7.25,41.1,28.4,1819,27.6,1,90.8,89.6,12.2,46.7,6.75
125.22,82.6,0.0,5094,75.0,4,106.3,81.1,13.3,43.7,12.62
53.62,70.2,19.6,2503,35.3,2,91.8,95.9,12.7,55.7,7.27
80.95,91.7,0.0,3203,12.2,3,104.5,84.2,12.3,27.4,8.93
77.06,51.0,12.4,2860,68.1,2,93.2,99.0,12.6,23.2,8.38
189.25,98.4,0.0,4627,25.9,5,91.3,75.6,12.6,29.6,11.24
63.53,49.9,0.0,2816,94.6,2,93.9,96.1,13.2,51.8,7.96
102.64,87.6,40.8,3291,95.9,3,89.0,93.3,13.1,21.4,8.37
193.29,94.2,23.6,5634,92.3,5,102.4,93.1,13.2,43.3,14.65
138.0,73.5,0.0,3667,43.3,4,95.1,95.3,12.0,59.8,10.06
66.51,73.5,0.0,3091,11.4,2,87.0,92.8,12.6,54.2,8.7
126.45,82.9,0.0,5020,93.5,4,107.0,88.8,12.7,40.9,9.77
149.36,73.9,0.0,3751,48.5,4,91.5,73.9,12.0,22.5,9.86
143.39,73.5,0.0,3993,97.0,4,96.3,71.0,12.4,53.3,13.88
155.44,95.8,23.8,4322,96.7,4,107.2,97.6,13.1,44.0,10.2
5.64,37.3,12.7,1984,86.8,1,98.7,88.5,12.2,24.6,7.11
41.4,79.5,36.7,2756,36.5,2,83.5,93.9,12.8,23.8,7.41
71.75,63.0,0.0,3299,44.7,2,108.2,84.4,12.3,56.4,8.01
190.72,83.0,0.0,5237,86.6,5,98.8,73.5,12.0,46.8,13.33
177.18,78.4,16.0,5206,38.5,5,90.0,73.8,12.4,53.2,12.62
121.61,95.6,0.0,4088,25.3,4,84.2,90.6,13.5,55.2,10.05
71.66,60.1,0.0,2091,60.1,2,103.8,82.9,13.2,42.9,8.01
66.95,72.3,0.0,3014,94.3,2,98.6,76.0,13.4,40.7,9.08
70.63,30.3,32.7,2215,72.6,2,96.0,84.7,12.7,37.2,7.06
67.69,41.7,0.0,3120,61.3,2,106.8,71.9,12.2,32.7,7.77
186.02,76.4,52.1,4226,18.7,5,103.7,87.5,12.8,37.4,14.98
63.77,50.6,11.7,2934,65.4,2,84.6,78.1,12.7,51.0,9.82
139.31,91.1,0.0,4948,99.1,4,89.4,93.9,13.3,44.1,11.46
66.55,78.3,63.4,2865,22.6,2,87.5,79.3,12.1,55.7,8.97
162.78,72.7,0.0,4681,56.6,5,102.3,83.7,12.7,37.7,14.59
126.03,94.1,0.0,4953,89.0,4,81.0,70.3,12.2,44.3,12.92
196.01,93.8,0.0,5359,76.7,5,97.1,72.2,12.5,45.3,14.73
90.15,87.8,65.5,3488,72.7,3,102.9,81.8,13.1,43.7,8.51
132.94,86.6,0.0,4185,73.2,4,106.3,84.4,12.7,48.1,9.67
156.97,78.4,0.0,4136,42.4,4,90.3,88.0,12.6,29.5,13.47
91.95,94.6,29.4,3831,36.4,3,104.6,78.7,12.6,40.5,8.59
198.31,87.0,0.0,4170,82.8,5,83.3,90.8,12.7,24.2,12.74
64.29,49.4,15.7,2472,82.9,2,105.4,95.8,13.2,35.4,7.34
113.19,98.8,0.0,3131,88.0,3,83.8,93.4,13.3,39.5,8.26
143.31,92.5,0.0,4111,92.2,4,91.9,71.2,13.4,46.1,11.01
194.38,87.8,0.0,4729,56.0,5,103.9,84.4,13.2,58.0,13.69
183.14,90.8,0.0,5506,55.1,5,84.5,73.1,12.5,44.0,14.36
109.21,81.0,11.5,3426,81.8,3,86.9,77.3,13.0,49.7,9.77
191.86,77.0,43.1,5047,68.5,5,101.7,99.6,12.7,40.3,11.41
91.11,88.6,0.0,4248,73.2,3,101.6,74.3,12.4,45.4,11.9
105.51,91.0,39.9,4033,81.6,3,99.2,85.0,13.3,22.8,9.01
24.55,54.9,0.0,1874,90.1,1,100.8,88.5,12.1,30.2,7.69
116.31,99.8,0.0,4155,40.4,3,96.3,91.1,13.4,34.5,9.35
116.45,51.0,0.0,3085,43.8,3,87.6,86.8,12.7,38.9,11.07
38.66,41.4,0.0,2014,18.5,1,90.4,70.3,13.0,21.8,6.42
157.39,70.0,45.1,5438,62.0,4,85.4,79.8,13.0,25.6,10.89
173.57,85.2,49.5,5995,13.2,5,107.3,85.5,13.3,31.1,12.26
136.03,64.6,0.0,4329,51.9,4,97.5,72.6,13.0,58.9,10.94
177.68,89.4,58.8,5881,58.8,5,92.0,80.5,12.9,33.3,13.24
47.91,39.0,41.5,2166,35.8,2,93.9,71.0,12.1,39.3,10.04
5.07,29.6,54.1,1313,63.2,1,108.4,72.4,12.8,27.8,5.68
1.68,28.2,17.0,1381,12.7,1,84.6,81.9,12.2,44.4,6.39
123.17,82.6,0.0,4292,13.4,4,97.6,74.0,13.1,31.2,10.48
86.06,71.6,0.0,3120,84.0,3,95.2,87.0,12.8,28.3,11.76
58.8,55.1,28.9,3187,42.4,2,98.3,90.7,13.0,40.7,10.21
151.34,71.1,0.0,3748,21.4,4,80.5,94.0,12.1,20.2,13.38
47.09,66.1,34.3,2774,57.0,2,106.2,76.0,12.1,20.3,9.03
160.42,96.9,57.2,5235,79.3,5,108.0,75.0,13.1,28.8,11.71
160.52,76.8,0.0,4703,29.4,5,97.0,73.1,12.1,21.5,13.05
164.66,73.8,37.6,5504,66.1,5,100.9,89.1,12.1,24.3,14.53
121.93,92.8,0.0,4676,17.7,4,107.7,91.2,12.0,33.6,10.77
162.72,76.5,0.0,4932,14.7,5,101.2,70.9,13.4,52.1,12.23
176.57,98.7,0.0,5210,57.8,5,84.6,98.1,13.1,42.9,11.1
22.86,19.2,46.3,2145,58.7,1,97.3,71.6,12.5,40.5,7.07
61.72,48.7,0.0,2018,67.4,2,98.2,86.2,12.4,31.7,7.5
48.09,49.3,33.9,2767,75.3,2,92.7,91.3,12.5,57.3,8.69
45.81,55.3,14.3,2860,97.8,2,102.1,96.1,13.2,35.9,8.98
22.31,58.0,15.9,1066,56.5,1,108.0,91.4,13.0,23.5,6.06
25.82,12.3,0.0,2263,39.1,1,107.8,94.1,12.3,44.7,6.39
37.48,59.2,0.0,2135,81.6,1,93.5,80.2,12.3,24.6,7.54
134.33,99.6,0.0,5397,34.4,4,83.4,94.4,12.1,33.8,9.71
163.65,78.6,0.0,4339,49.5,5,109.5,72.4,13.0,40.3,10.28
110.64,70.7,0.0,3869,17.1,3,105.2,96.8,13.1,55.0,8.09
3.94,57.8,0.0,2092,12.3,1,83.7,86.4,12.4,39.7,6.45
169.48,72.9,57.9,5355,96.6,5,107.6,94.5,12.0,48.1,12.73
53.28,69.1,0.0,2941,85.2,2,106.1,83.6,12.1,59.7,9.27
119.7,62.0,0.0,4245,72.6,3,95.6,89.3,13.5,25.3,8.9
25.23,47.0,0.0,1025,46.8,1,97.7,85.8,12.4,31.0,6.08
149.23,76.8,0.0,5165,25.6,4,92.0,91.9,13.2,35.8,13.02
167.25,98.7,0.0,5304,24.1,5,81.6,72.4,12.9,36.9,12.3
184.74,87.1,48.0,5537,32.5,5,90.1,71.8,12.6,36.4,14.97
149.21,82.9,0.0,3755,59.4,4,104.1,77.4,12.3,56.3,11.05
106.77,74.2,0.0,3536,74.3,3,80.1,74.8,12.2,48.6,10.38
26.24,19.9,0.0,1336,69.4,1,90.0,96.2,12.9,44.3,5.71
94.19,89.0,0.0,3391,35.2,3,91.9,76.6,13.2,32.4,10.78
176.5,75.9,0.0,4261,95.9,5,96.1,99.3,13.0,53.0,12.2
130.45,76.8,0.0,4527,76.4,4,107.6,80.1,12.8,58.2,10.44
56.62,75.4,15.5,2478,59.9,2,90.4,75.5,12.1,52.8,7.37
86.98,73.6,47.5,3825,65.1,3,90.4,93.7,13.5,20.1,9.63
170.14,89.3,39.7,4243,47.8,5,102.1,89.8,13.2,45.5,12.94
65.08,70.4,0.0,2443,32.3,2,93.6,84.9,12.4,22.0,7.9
47.23,43.4,24.8,2459,42.0,2,86.7,86.7,13.5,30.3,8.94
177.06,88.5,15.3,4343,78.2,5,93.6,91.6,12.9,22.4,12.59
143.16,60.6,0.0,4709,11.3,4,84.2,76.9,12.9,44.2,10.94
12.35,24.7,30.0,1836,20.4,1,85.3,99.9,13.1,47.5,7.62
182.58,89.9,0.0,5863,14.1,5,95.0,99.2,13.2,24.6,14.98
48.34,36.6,0.0,2479,13.7,2,92.6,89.5,13.0,35.4,7.2
160.04,97.1,22.6,4832,87.0,5,107.4,76.0,12.2,38.2,11.78
150.32,90.4,0.0,4321,73.3,4,90.9,90.4,12.5,34.8,10.05
197.38,79.1,0.0,5531,52.7,5,97.4,72.2,13.4,24.8,13.46
53.14,32.7,67.9,2642,18.8,2,99.0,70.9,12.3,36.8,9.21
92.49,71.4,0.0,4117,54.2,3,80.4,77.7,12.6,50.0,8.93
80.27,76.2,0.0,4218,52.6,3,99.9,83.9,12.6,22.8,11.3
12.95,48.3,49.5,1962,25.6,1,85.3,96.0,12.7,23.2,5.58
2.5,34.3,24.9,1475,49.0,1,108.8,91.8,12.9,34.2,7.93
61.84,76.3,0.0,3177,45.9,2,84.5,92.3,13.4,57.7,7.96
77.8,64.1,0.0,2750,65.4,2,92.4,82.8,12.4,46.7,9.26
49.74,45.3,20.6,2007,67.2,2,82.6,80.4,12.2,47.1,8.56
187.31,77.1,0.0,5742,14.1,5,109.9,81.1,12.3,34.5,11.45
112.13,99.3,0.0,3122,43.7,3,95.1,99.6,13.3,43.7,10.59
114.92,58.4,53.0,3713,66.3,3,97.9,71.2,13.0,20.4,11.4
127.78,92.8,0.0,4772,55.3,4,82.0,96.0,12.4,45.4,11.01
180.44,88.1,0.0,5657,87.1,5,102.5,87.4,13.2,56.5,14.15
157.35,76.1,0.0,4911,69.3,4,86.3,83.2,13.3,44.5,13.61
12.17,17.0,0.0,1459,24.7,1,106.9,91.8,13.3,54.9,6.48
107.17,81.6,24.9,4413,16.4,3,86.2,84.6,13.4,49.0,9.19
165.57,70.3,0.0,5951,67.8,5,85.7,96.2,12.4,24.8,11.85
141.1,66.9,37.8,3566,12.4,4,81.1,97.0,13.1,56.1,9.61
5.53,59.1,14.4,1994,62.7,1,94.2,82.7,12.7,22.7,7.29
178.72,82.3,0.0,5790,94.6,5,96.9,78.3,13.3,41.4,14.27
5.49,23.8,65.8,1991,61.8,1,82.0,87.8,13.1,25.7,7.74
39.83,31.8,0.0,1517,44.9,1,103.3,97.4,13.2,20.5,5.66
16.75,21.0,64.9,2265,67.9,1,93.6,76.3,13.0,36.9,7.73
164.81,72.0,0.0,5857,51.2,5,95.7,88.7,12.3,31.8,12.15
140.5,74.0,0.0,4742,59.1,4,93.2,88.9,12.8,39.4,12.59
29.98,55.9,24.0,2125,94.7,1,92.0,92.0,13.5,43.1,6.32
15.67,50.1,0.0,1666,44.7,1,96.8,73.9,13.4,21.7,7.53
75.1,68.7,0.0,2047,96.5,2,84.7,91.5,12.1,24.9,8.87
159.55,79.3,0.0,5009,91.5,4,85.5,97.3,12.2,42.3,10.24
35.46,29.9,0.0,1400,27.6,1,105.9,75.4,12.2,33.7,7.1
0.28,30.2,59.1,1505,16.2,1,108.4,77.1,13.1,49.2,7.98
38.06,16.9,0.0,1277,19.1,1,91.2,99.1,13.2,46.1,6.78
11.65,30.9,0.0,2313,11.6,1,88.1,75.4,12.3,53.8,8.22
189.5,86.1,0.0,4678,18.5,5,99.3,95.6,12.8,47.7,13.54
51.92,46.0,57.0,2183,71.5,2,92.3,84.8,13.3,37.2,9.22
93.05,51.0,0.0,3064,16.4,3,80.8,77.4,13.1,46.9,11.46
166.88,84.3,0.0,4278,38.7,5,84.7,96.1,12.8,31.0,12.2
60.47,68.5,0.0,3363,86.0,2,101.5,83.4,12.9,32.3,9.87
144.24,80.1,0.0,5405,12.1,4,99.8,85.4,12.8,51.6,12.77
108.04,59.7,0.0,4244,83.3,3,80.8,80.8,12.4,37.9,10.62
25.82,17.8,0.0,1131,35.4,1,86.7,87.8,12.8,51.9,6.63
167.44,98.5,25.7,5939,20.6,5,86.9,74.9,13.0,52.9,13.67
127.16,75.7,0.0,3782,72.7,4,100.2,81.7,13.3,54.3,12.82
20.33,41.0,0.0,1717,66.6,1,80.6,99.1,13.0,56.7,7.8
87.68,57.3,0.0,4376,89.0,3,83.1,77.7,13.1,37.2,11.55
76.96,71.0,0.0,3007,76.2,2,104.0,89.7,12.2,32.8,10.24
45.94,59.8,0.0,2573,82.3,2,85.4,79.8,12.7,43.3,7.46
78.71,62.9,0.0,3399,35.4,2,99.6,93.2,12.0,34.8,9.05
108.51,59.7,0.0,3708,26.0,3,87.1,73.9,12.4,44.0,9.51
75.35,47.1,0.0,2038,77.6,2,83.0,99.1,13.1,48.2,9.42
34.15,46.3,0.0,1130,82.6,1,87.3,83.6,13.5,47.5,6.11
3.59,55.5,39.0,1184,99.1,1,101.7,77.1,12.1,35.0,6.42
4.46,38.5,0.0,2072,47.1,1,105.7,72.2,12.6,26.7,6.22
75.38,57.7,0.0,2293,43.5,2,104.9,75.1,13.2,37.2,7.58
183.97,76.0,0.0,4229,79.9,5,91.9,85.6,12.3,25.7,10.02
109.52,79.9,0.0,3074,40.7,3,100.0,80.1,12.8,55.6,9.03
129.08,89.8,0.0,4347,93.8,4,86.1,94.9,13.1,33.8,10.71
144.97,93.2,65.0,4607,87.3,4,88.8,82.9,12.9,26.2,10.5
152.47,73.7,0.0,5196,48.6,4,106.9,77.5,12.3,21.0,10.82
151.65,84.1,0.0,4589,77.6,4,80.4,88.5,12.5,45.8,9.21
2.05,30.1,0.0,1675,77.9,1,82.6,91.2,13.2,45.5,7.75
144.77,79.2,0.0,3938,19.3,4,86.2,75.0,12.8,33.6,9.56
29.94,34.1,68.0,2072,91.2,1,80.8,75.0,12.0,22.9,8.37
139.0,95.9,0.0,4914,55.5,4,85.4,71.1,13.1,36.4,10.26
66.67,55.5,0.0,2080,84.4,2,97.5,92.1,12.1,32.4,7.08
186.53,95.2,0.0,4306,38.8,5,92.6,89.9,13.1,47.1,13.64
99.69,85.0,0.0,3627,90.6,3,106.8,84.2,12.3,44.2,9.24
145.94,62.7,0.0,3738,45.0,4,104.5,95.3,13.4,34.6,10.64
104.57,66.3,43.3,3875,11.0,3,90.3,94.2,12.6,28.7,8.83
163.53,93.3,0.0,4363,91.5,5,87.8,87.6,12.5,59.5,12.15
69.59,69.5,18.4,2429,18.2,2,91.4,96.0,12.2,38.2,8.81
193.46,91.1,0.0,5477,38.7,5,97.7,76.2,12.5,47.5,11.53
77.21,56.4,13.2,3089,95.5,2,88.0,73.4,13.3,25.6,7.42
99.29,52.9,52.4,4067,95.6,3,98.7,78.1,13.5,39.4,11.59
69.11,76.1,0.0,2887,61.6,2,92.3,71.7,12.6,21.1,7.67
99.49,51.2,34.5,3419,66.9,3,96.6,85.9,12.7,40.2,8.55
127.9,92.2,15.1,4372,50.4,4,93.1,98.1,13.1,58.6,12.29
51.07,57.9,0.0,3399,36.4,2,88.8,71.2,13.3,35.4,10.23
13.12,46.9,38.5,1504,39.6,1,108.5,73.7,12.9,21.6,8.26
41.99,61.2,29.5,3009,70.5,2,102.9,83.6,12.6,21.2,8.18
171.25,83.7,0.0,5566,77.7,5,84.2,98.0,12.6,35.5,13.75
153.5,69.6,40.3,5037,81.2,4,106.1,79.5,13.0,26.4,9.31
58.65,69.6,0.0,2637,81.1,2,94.6,85.2,12.0,20.9,8.34
33.76,23.1,0.0,1059,18.2,1,106.8,71.2,12.9,50.2,6.85
53.85,62.7,0.0,2925,54.5,2,104.0,74.5,12.5,38.3,10.1
163.98,93.0,0.0,5940,15.2,5,92.8,99.6,13.2,31.6,14.33
188.03,78.6,0.0,4911,59.5,5,80.7,99.0,12.1,56.0,12.41
91.28,65.9,0.0,3084,49.7,3,88.1,70.1,12.9,24.6,9.94
21.89,18.2,29.0,1330,89.9,1,96.2,98.6,12.7,58.2,7.05
60.59,35.0,67.8,2565,41.6,2,99.0,89.2,13.0,32.6,9.11
40.42,49.7,0.0,2518,20.5,2,87.7,96.0,12.1,55.5,7.12
152.08,66.4,0.0,3883,22.9,4,84.2,83.6,12.9,44.1,12.6
5.25,25.5,64.5,2140,78.5,1,105.0,85.5,12.8,53.1,7.53
150.26,79.0,47.0,3580,65.6,4,109.5,84.7,12.8,59.4,10.63
165.92,99.5,17.8,4407,19.1,5,95.8,90.0,12.9,31.5,13.85
153.54,92.3,0.0,3517,17.6,4,85.2,74.2,13.0,58.4,10.91
3.47,36.9,0.0,1581,73.1,1,88.2,70.9,13.2,35.6,7.99
199.08,75.6,0.0,4976,16.5,5,80.6,79.2,12.4,35.4,14.07
117.53,63.8,0.0,4051,84.0,3,107.4,91.1,13.2,33.6,11.06
88.19,89.9,0.0,3095,73.6,3,83.5,76.1,12.7,41.7,9.55
88.14,97.7,0.0,3070,17.3,3,97.3,90.2,12.1,26.2,9.36
129.56,85.2,0.0,5201,17.6,4,88.2,99.1,12.1,42.1,12.7
13.05,47.8,0.0,1912,98.8,1,96.6,72.8,12.5,41.7,6.83
129.13,62.3,38.5,3836,43.7,4,99.5,90.2,13.2,50.5,10.77
82.3,79.2,0.0,3227,43.4,3,104.9,83.3,13.1,53.3,10.39
148.04,76.4,0.0,3514,83.2,4,86.2,96.0,13.2,37.6,12.46
100.58,92.8,0.0,3539,95.3,3,80.3,75.3,12.8,32.1,10.14
194.57,83.7,0.0,4772,98.7,5,84.1,90.8,12.7,30.4,14.83
3.33,53.1,0.0,1103,77.8,1,107.0,95.1,12.2,27.8,7.15
155.11,68.2,0.0,4615,43.9,4,106.2,98.3,12.5,22.3,9.27
132.46,76.1,0.0,5178,17.5,4,97.9,90.5,12.7,33.7,12.25
167.71,73.9,56.8,4943,79.9,5,98.0,84.9,12.1,30.8,11.14
123.01,75.0,0.0,3514,60.3,4,100.0,88.5,12.3,58.7,11.28
7.17,54.6,0.0,2064,48.2,1,85.3,96.1,12.9,42.3,8.45
100.86,56.2,0.0,3953,91.6,3,107.4,87.1,13.1,33.9,11.06
0.87,48.7,38.1,1908,20.0,1,92.6,70.9,13.5,43.2,6.79
111.34,50.5,0.0,4339,54.3,3,91.5,97.9,13.4,25.6,9.73
39.47,22.5,0.0,2363,11.0,1,95.6,90.7,13.0,37.8,7.86
104.6,96.3,0.0,3763,52.2,3,81.4,90.3,12.6,45.0,9.81
38.35,17.1,0.0,1423,15.1,1,85.0,76.5,13.0,39.6,6.34
39.95,12.7,0.0,1123,20.7,1,102.1,89.8,13.2,36.1,5.96
180.42,77.8,0.0,4173,20.6,5,82.5,81.8,12.2,59.8,11.52
90.35,67.4,0.0,3937,68.4,3,98.1,89.5,12.6,55.2,11.75
78.43,56.9,25.5,2674,77.1,2,87.4,73.2,13.3,44.9,9.43
8.53,53.4,0.0,1355,62.5,1,91.7,89.7,12.6,42.8,8.15
162.23,73.9,60.7,4118,96.6,5,88.7,100.0,12.9,44.8,11.36
180.61,99.7,0.0,4741,43.7,5,90.7,71.4,12.9,28.1,13.86
80.55,94.8,24.4,3048,35.7,3,101.6,99.3,12.3,35.8,9.34
103.06,67.1,0.0,3357,88.2,3,88.9,82.2,12.5,21.6,8.9
9.44,17.2,20.9,1769,30.1,1,97.0,96.1,12.5,39.0,8.03
108.28,82.7,0.0,3366,96.7,3,94.3,93.5,12.0,41.7,9.8
54.88,34.6,0.0,2591,11.1,2,99.9,87.0,12.0,29.1,10.03
118.33,62.4,0.0,4343,97.3,3,108.1,92.2,13.2,58.6,11.87
35.56,18.0,26.0,1179,13.9,1,102.0,96.4,12.4,56.4,6.19
152.87,65.6,0.0,3595,90.2,4,86.4,82.1,12.8,48.9,13.74
127.69,72.4,0.0,4322,57.5,4,80.9,79.8,12.4,41.3,11.22
159.33,69.7,0.0,4931,99.4,4,87.9,90.0,13.4,54.8,12.04
42.56,59.8,0.0,2316,16.6,2,97.9,94.2,12.4,25.2,9.95
56.7,45.5,0.0,3015,59.8,2,81.5,92.9,12.6,51.6,7.42
167.96,80.4,0.0,5089,97.2,5,94.9,93.9,13.3,25.0,10.63
10.85,48.0,0.0,1011,57.1,1,97.9,83.1,13.3,51.8,7.03
175.64,99.3,0.0,5600,66.6,5,90.0,94.5,12.3,31.0,11.21
90.67,75.3,0.0,4287,72.6,3,103.1,73.6,13.2,55.1,11.38
105.78,59.1,48.1,4489,50.9,3,83.2,86.3,12.7,57.8,11.11
53.18,64.7,0.0,2456,66.5,2,82.3,70.2,12.7,26.0,9.84
112.64,99.2,0.0,4277,62.6,3,101.8,79.7,12.2,38.5,8.21
26.49,40.5,0.0,1234,91.1,1,94.9,81.0,12.1,59.2,7.76
160.08,77.8,0.0,5444,14.1,5,100.7,81.9,13.1,39.3,10.87
65.27,55.9,24.0,2738,35.3,2,93.0,90.9,12.7,54.5,8.09
4.98,42.6,36.8,1830,95.5,1,87.4,81.7,12.7,43.5,6.39
194.71,91.2,56.6,5615,90.1,5,104.6,83.5,13.1,35.0,13.84
17.55,11.9,0.0,2147,51.0,1,104.0,77.1,13.1,31.4,6.3
61.15,31.7,0.0,2122,65.8,2,100.8,81.2,12.2,28.1,8.52
50.6,51.6,0.0,2330,35.0,2,88.2,76.8,12.9,50.5,7.36
99.54,76.2,0.0,3400,26.9,3,97.7,72.2,12.2,35.5,11.64
154.72,93.1,0.0,3650,51.7,4,90.8,88.1,13.1,40.5,9.56
88.79,72.2,0.0,3200,41.8,3,82.7,90.0,13.0,39.7,9.55
144.42,93.4,0.0,3725,62.5,4,107.5,88.6,13.4,43.1,12.68
194.33,75.1,0.0,4928,17.0,5,84.1,83.9,12.1,54.6,13.95
197.23,70.7,0.0,5450,97.7,5,108.5,81.4,12.1,59.2,14.18
42.61,71.1,0.0,2971,98.8,2,93.4,95.9,12.4,36.3,7.45
